{"_runtime":7.549228569,"epoch":500,"test_accuracy":0.9666666666666667,"Confusion Matrix":{"width":600,"height":500,"_type":"image-file","sha256":"22dba79fffc4541f2ed173c057df8af171a4c43c0a18afd325f9da2372e12cce","size":20954,"path":"media/images/Confusion Matrix_501_22dba79fffc4541f2ed1.png","format":"png"},"_step":502,"Loss Curve":{"height":500,"_type":"image-file","sha256":"288ad72253306ce3c5b26041d0cfce5a8368bcd0b744a73497fb4b6d3ecbf67a","size":45882,"path":"media/images/Loss Curve_502_288ad72253306ce3c5b2.png","format":"png","width":800},"_timestamp":1.740343031364118e+09,"precision":0.9708333333333333,"val_loss":0.6007716695467631,"f1_score":0.9669841269841268,"recall":0.9666666666666667,"_wandb":{"runtime":7},"train_loss":0.6190821910277009}